Вер.24;;;;;;;;; ;;;;;;
Дата;План;Приват;А-банк;Готівка;Витрати;Різниця за день;Різниця за місяць;Різниця загалом;;;;;;;
Різниця;;;;;;;;;;;;;;;
01.09.2024;1000,00;1141,58;0,00;0,00;1141,58;-141,58;-141,58;-141,58;;;;;;;
02.09.2024;1000,00;67,00;111,07;0,00;178,07;821,93;680,35;680,35;;;;;;;
03.09.2024;1000,00;463,00;175,00;200,00;838,00;162,00;842,35;842,35;;;;;;;
04.09.2024;1000,00;23,99;32,69;0,00;56,68;943,32;1785,67;1785,67;;;;;;;
05.09.2024;1000,00;656,91;287,40;355,75;1300,06;-300,06;1485,61;1485,61;;;;;;;
06.09.2024;1000,00;537,69;0,00;200,00;737,69;262,31;1747,92;1747,92;;;;;;;
07.09.2024;1000,00;123,00;158,90;0,00;281,90;718,10;2466,02;2466,02;;;;;;;
08.09.2024;1000,00;821,12;227,64;0,00;1048,76;-48,76;2417,26;2417,26;;;;;;;
09.09.2024;1000,00;249,00;0,00;120,00;369,00;631,00;3048,26;3048,26;;;;;;;
10.09.2024;1000,00;265,00;0,00;0,00;265,00;735,00;3783,26;3783,26;;;;;;;
11.09.2024;1000,00;182,40;171,74;0,00;354,14;645,86;4429,12;4429,12;;;;;;;
12.09.2024;1000,00;755,84;126,38;0,00;882,22;117,78;4546,90;4546,90;;;;;;;
13.09.2024;1000,00;664,05;159,42;0,00;823,47;176,53;4723,43;4723,43;;;;;;;
14.09.2024;1000,00;15,00;2097,21;0,00;2112,21;-1112,21;3611,22;3611,22;;;;;;;
15.09.2024;1000,00;2951,87;362,19;0,00;3314,06;-2314,06;1297,16;1297,16;;;;;;;
16.09.2024;1000,00;2251,13;0,00;14500,00;16751,13;-15751,13;-14453,97;-14453,97;;;;;;;
17.09.2024;1000,00;275,00;358,62;0,00;633,62;366,38;-14087,59;-14087,59;;;;;;;
18.09.2024;1000,00;274,47;0,00;3015,08;3289,55;-2289,55;-16377,14;-16377,14;;;;;;;
19.09.2024;1000,00;763,91;114,22;0,00;878,13;121,87;-16255,27;-16255,27;;;;;;;
20.09.2024;1000,00;354,60;245,82;3775,00;4375,42;-3375,42;-19630,69;-19630,69;;;;;;;
21.09.2024;1000,00;88,00;314,43;0,00;402,43;597,57;-19033,12;-19033,12;;;;;;;
22.09.2024;1000,00;565,33;173,99;150,00;889,32;110,68;-18922,44;-18922,44;;;;;;;
23.09.2024;1000,00;132,00;86,26;833,63;1051,89;-51,89;-18974,33;-18974,33;;;;;;;
24.09.2024;1000,00;124,53;162,48;0,00;287,01;712,99;-18261,34;-18261,34;;;;;;;
25.09.2024;1000,00;430,00;230,45;0,00;660,45;339,55;-17921,79;-17921,79;;;;;;;
26.09.2024;1000,00;472,90;117,04;0,00;589,94;410,06;-17511,73;-17511,73;;;;;;;
27.09.2024;1000,00;1432,96;356,54;0,00;1789,50;-789,50;-18301,23;-18301,23;;;;;;;
28.09.2024;1000,00;445,60;133,08;0,00;578,68;421,32;-17879,91;-17879,91;;;;;;;
29.09.2024;1000,00;365,50;466,97;0,00;832,47;167,53;-17712,38;-17712,38;;;;;;;
30.09.2024;1000,00;323,12;482,33;0,00;805,45;194,55;-17517,83;-17517,83;;;;;;;
Разом;30000,00;17216,50;7151,87;23149,46;47517,83;-17517,83;0,00;-17517,83;;;;;;;
Жов.24;;;;;;;;;;;;;;;
Дата;План;Приват;А-банк;Готівка;Витрати;Різниця за день;Різниця за місяць;Різниця загалом;;;;;;;
Різниця;0,00;0,00;0,00;0,00;0,00;0,00;0,00;-17517,83;;;;;;;
01.10.2024;1000,00;1095,21;258,70;100,00;1453,91;-453,91;-453,91;-17971,74;;;;;;;
02.10.2024;1000,00;1802,05;156,06;150,00;2108,11;-1108,11;-1562,02;-19079,85;;;;;;;
03.10.2024;1000,00;1297,22;308,86;2000,00;3606,08;-2606,08;-4168,10;-21685,93;;;;;;;
04.10.2024;1000,00;2109,65;155,32;0,00;2264,97;-1264,97;-5433,07;-22950,90;;;;;;;
05.10.2024;1000,00;612,41;524,41;0,00;1136,82;-136,82;-5569,89;-23087,72;;;;;;;
06.10.2024;1000,00;302,50;54,50;201,01;558,01;441,99;-5127,90;-22645,73;;;;;;;
07.10.2024;1000,00;85,00;0,00;700,00;785,00;215,00;-4912,90;-22430,73;;;;;;;
08.10.2024;1000,00;0,00;0,00;0,00;0,00;1000,00;-3912,90;-21430,73;;;;;;;
09.10.2024;1000,00;246,76;0,00;0,00;246,76;753,24;-3159,66;-20677,49;;;;;;;
10.10.2024;1000,00;43,68;106,41;1017,00;1167,09;-167,09;-3326,75;-20844,58;;;;;;;
11.10.2024;1000,00;614,36;95,26;0,00;709,62;290,38;-3036,37;-20554,20;;;;;;;
12.10.2024;1000,00;475,97;136,16;331,66;943,79;56,21;-2980,16;-20497,99;;;;;;;
13.10.2024;1000,00;110,00;563,29;0,00;673,29;326,71;-2653,45;-20171,28;;;;;;;
14.10.2024;1000,00;36,00;0,00;0,00;36,00;964,00;-1689,45;-19207,28;;;;;;;
15.10.2024;1000,00;3798,64;1021,48;400,00;5220,12;-4220,12;-5909,57;-23427,40;;;;;;;
16.10.2024;1000,00;818,47;0,00;30,15;848,62;151,38;-5758,19;-23276,02;;;;;;;
17.10.2024;1000,00;100,00;176,28;0,00;276,28;723,72;-5034,47;-22552,30;;;;;;;
18.10.2024;1000,00;174,00;158,22;0,00;332,22;667,78;-4366,69;-21884,52;;;;;;;
19.10.2024;1000,00;2558,42;155,50;600,00;3313,92;-2313,92;-6680,61;-24198,44;;;;;;;
20.10.2024;1000,00;515,60;202,16;0,00;717,76;282,24;-6398,37;-23916,20;;;;;;;
21.10.2024;1000,00;228,97;147,72;14,57;391,26;608,74;-5789,63;-23307,46;;;;;;;
22.10.2024;1000,00;326,67;115,16;1002,00;1443,83;-443,83;-6233,46;-23751,29;;;;;;;
23.10.2024;1000,00;462,00;153,43;5805,00;6420,43;-5420,43;-11653,89;-29171,72;;;;;;;
24.10.2024;1000,00;157,25;597,60;0,00;754,85;245,15;-11408,74;-28926,57;;;;;;;
25.10.2024;1000,00;1094,72;146,60;0,00;1241,32;-241,32;-11650,06;-29167,89;;;;;;;
26.10.2024;1000,00;622,36;155,31;0,00;777,67;222,33;-11427,73;-28945,56;;;;;;;
27.10.2024;1000,00;48,99;152,90;0,00;201,89;798,11;-10629,62;-28147,45;;;;;;;
28.10.2024;1000,00;1249,69;803,00;500,00;2552,69;-1552,69;-12182,31;-29700,14;;;;;;;
29.10.2024;1000,00;1672,41;124,09;338,00;2134,50;-1134,50;-13316,81;-30834,64;;;;;;;
30.10.2024;1000,00;372,61;585,39;0,00;958,00;42,00;-13274,81;-30792,64;;;;;;;
31.10.2024;1000,00;551,19;320,34;0,00;871,53;128,47;-13146,34;-30664,17;;;;;;;
Разом;31000,00;23582,80;7374,15;13189,39;44146,34;-13146,34;0,00;-30664,17;;;;;;;
Лис.24;;;;;;;;;;;;;;;
Дата;План;Приват;А-банк;Готівка;Витрати;Різниця за день;Різниця за місяць;Різниця загалом;;;;;;;
Різниця;0,00;0,00;0,00;0,00;0,00;0,00;0,00;-30664,17;;;;;;;
01.11.2024;1251,39;1235,43;0,00;0,00;1235,43;15,96;15,96;-30648,21;;;;;;;
02.11.2024;1251,39;1140,63;280,08;0,00;1420,71;-169,32;-153,36;-30817,53;;;;;;;
03.11.2024;1251,39;2670,67;598,76;0,00;3269,43;-2018,04;-2171,40;-32835,57;;;;;;;
04.11.2024;1251,39;0,00;0,00;500,00;500,00;751,39;-1420,01;-32084,18;;;;;;;
05.11.2024;1251,39;46,00;82,60;2702,51;2831,11;-1579,72;-2999,73;-33663,90;;;;;;;
06.11.2024;1251,39;160,00;446,64;3000,00;3606,64;-2355,25;-5354,98;-36019,15;;;;;;;
07.11.2024;1251,39;1788,53;95,89;0,00;1884,42;-633,03;-5988,01;-36652,18;;;;;;;
08.11.2024;1251,39;66,00;120,41;0,00;186,41;1064,98;-4923,03;-35587,20;;;;;;;
09.11.2024;1251,39;46,00;71,50;0,00;117,50;1133,89;-3789,14;-34453,31;;;;;;;
10.11.2024;1251,39;1743,75;172,80;0,00;1916,55;-665,16;-4454,30;-35118,47;;;;;;;
11.11.2024;1251,39;469,00;195,54;200,00;864,54;386,85;-4067,45;-34731,62;;;;;;;
12.11.2024;1251,39;498,98;0,00;300,00;798,98;452,41;-3615,04;-34279,21;;;;;;;
13.11.2024;1251,39;438,69;118,99;0,00;557,68;693,71;-2921,33;-33585,50;;;;;;;
14.11.2024;1251,39;595,76;0,00;72,00;667,76;583,63;-2337,70;-33001,87;;;;;;;
15.11.2024;1251,39;532,20;99,15;0,00;631,35;620,04;-1717,66;-32381,83;;;;;;;
16.11.2024;1251,39;1096,64;426,71;0,00;1523,35;-271,96;-1989,62;-32653,79;;;;;;;
17.11.2024;1251,39;100,20;142,95;1005,00;1248,15;3,24;-1986,38;-32650,55;;;;;;;
18.11.2024;1251,39;0,00;119,62;170,00;289,62;961,77;-1024,61;-31688,78;;;;;;;
19.11.2024;1251,39;1084,53;439,98;200,00;1724,51;-473,12;-1497,73;-32161,90;;;;;;;
20.11.2024;1251,39;80,00;0,00;500,00;580,00;671,39;-826,34;-31490,51;;;;;;;
21.11.2024;1251,39;4342,16;0,00;525,00;4867,16;-3615,77;-4442,11;-35106,28;;;;;;;
22.11.2024;1251,39;497,28;0,00;1005,03;1502,31;-250,92;-4693,03;-35357,20;;;;;;;
23.11.2024;1251,39;35,00;0,00;0,00;35,00;1216,39;-3476,64;-34140,81;;;;;;;
24.11.2024;1251,39;1656,70;104,12;360,00;2120,82;-869,43;-4346,07;-35010,24;;;;;;;
25.11.2024;1251,39;1170,01;0,00;5125,63;6295,64;-5044,25;-9390,32;-40054,49;;;;;;;
26.11.2024;1251,39;3960,82;430,02;980,00;5370,84;-4119,45;-13509,77;-44173,94;;;;;;;
27.11.2024;1251,39;897,61;119,47;0,00;1017,08;234,31;-13275,46;-43939,63;;;;;;;
28.11.2024;1251,39;144,90;491,68;380,00;1016,58;234,81;-13040,65;-43704,82;;;;;;;
29.11.2024;1251,39;840,86;0,00;300,00;1140,86;110,53;-12930,12;-43594,29;;;;;;;
30.11.2024;1251,39;3372,43;115,62;0,00;3488,05;-2236,66;-15166,78;-45830,95;;;;;;;
Разом;37541,70;30710,78;4672,53;17325,17;52708,48;-15166,78;0,00;;;;;;;;
Гру.24;;;;;;;;;;;;;;;
Дата;План;Приват;А-банк;Готівка;Витрати;Різниця за день;Різниця за місяць;Різниця загалом;;;;;;;
Різниця;0,00;0,00;0,00;0,00;0,00;0,00;0,00;-45830,95;;;;;;;
01.12.2024;1214,61;356,39;0,00;30,00;386,39;828,22;828,22;-45002,73;;;;;;;
02.12.2024;1214,61;2896,12;78,80;200,00;3174,92;-1960,31;-1132,09;-46963,04;;;;;;;
03.12.2024;1214,61;138,00;325,33;100,00;563,33;651,28;-480,81;-46311,76;;;;;;;
04.12.2024;1214,61;889,30;75,10;1401,01;2365,41;-1150,80;-1631,61;-47462,56;;;;;;;
05.12.2024;1214,61;325,27;144,87;356,01;826,15;388,46;-1243,15;-47074,10;;;;;;;
06.12.2024;1214,61;0,00;707,93;2010,01;2717,94;-1503,33;-2746,48;-48577,43;;;;;;;
07.12.2024;1214,61;15,00;239,60;0,00;254,60;960,01;-1786,47;-47617,42;;;;;;;
08.12.2024;1214,61;212,75;1395,71;4500,00;6108,46;-4893,85;-6680,32;-52511,27;;;;;;;
09.12.2024;1214,61;15,00;182,93;0,00;197,93;1016,68;-5663,64;-51494,59;;;;;;;
10.12.2024;1214,61;183,35;209,60;300,00;692,95;521,66;-5141,98;-50972,93;;;;;;;
11.12.2024;1214,61;208,23;878,85;0,00;1087,08;127,53;-5014,45;-50845,40;;;;;;;
12.12.2024;1214,61;438,22;54,41;0,00;492,63;721,98;-4292,47;-50123,42;;;;;;;
13.12.2024;1214,61;165,50;81,20;250,00;496,70;717,91;-3574,56;-49405,51;;;;;;;
14.12.2024;1214,61;2217,80;432,02;0,00;2649,82;-1435,21;-5009,77;-50840,72;;;;;;;
15.12.2024;1214,61;958,23;368,33;0,00;1326,56;-111,95;-5121,72;-50952,67;;;;;;;
16.12.2024;1214,61;0,00;180,00;0,00;180,00;1034,61;-4087,11;-49918,06;;;;;;;
17.12.2024;1214,61;633,40;0,00;0,00;633,40;581,21;-3505,90;-49336,85;;;;;;;
18.12.2024;1214,61;0,00;244,88;0,00;244,88;969,73;-2536,17;-48367,12;;;;;;;
19.12.2024;1214,61;378,04;97,35;0,00;475,39;739,22;-1796,95;-47627,90;;;;;;;
20.12.2024;1214,61;3038,40;0,00;0,00;3038,40;-1823,79;-3620,74;-49451,69;;;;;;;
21.12.2024;1214,61;3485,03;0,00;1242,27;4727,30;-3512,69;-7133,43;-52964,38;;;;;;;
22.12.2024;1214,61;20,00;0,00;0,00;20,00;1194,61;-5938,82;-51769,77;;;;;;;
23.12.2024;1214,61;140,00;20,72;804,02;964,74;249,87;-5688,95;-51519,90;;;;;;;
24.12.2024;1214,61;554,97;0,00;0,00;554,97;659,64;-5029,31;-50860,26;;;;;;;
25.12.2024;1214,61;1020,00;160,00;0,00;1180,00;34,61;-4994,70;-50825,65;;;;;;;
26.12.2024;1214,61;2013,93;0,00;190,00;2203,93;-989,32;-5984,02;-51814,97;;;;;;;
27.12.2024;1214,61;2425,85;0,00;0,00;2425,85;-1211,24;-7195,26;-53026,21;;;;;;;
28.12.2024;1214,61;399,59;0,00;0,00;399,59;815,02;-6380,24;-52211,19;;;;;;;
29.12.2024;1214,61;137,48;0,00;0,00;137,48;1077,13;-5303,11;-51134,06;;;;;;;
30.12.2024;1214,61;273,06;814,93;200,00;1287,99;-73,38;-5376,49;-51207,44;;;;;;;
31.12.2024;1214,61;2017,79;454,41;0,00;2472,20;-1257,59;-6634,08;-52465,03;;;;;;;
Разом;37652,91;25556,70;7146,97;11583,32;44286,99;-6634,08;0,00;;;;;;;;
Січ.25;;;;;;;;;;;;;;;
Дата;План;Приват;А-банк;Готівка;Витрати;Різниця за день;Різниця за місяць;Різниця загалом;;;;;;;
Різниця;0,00;0,00;0,00;0,00;0,00;0,00;0,00;-52465,03;;;;;;;
01.01.2025;1143,95;256,41;0,00;0,00;256,41;887,54;887,54;-51577,49;;;;;;;
02.01.2025;1143,95;526,50;49,60;1005,00;1581,10;-437,15;450,39;-52014,64;;;;;;;
03.01.2025;1143,95;150,16;0,00;0,00;150,16;993,79;1444,18;-51020,85;;;;;;;
04.01.2025;1143,95;759,29;0,00;280,00;1039,29;104,66;1548,84;-50916,19;;;;;;;
05.01.2025;1143,95;206,10;10,36;0,00;216,46;927,49;2476,33;-49988,70;;;;;;;
06.01.2025;1143,95;364,60;0,00;0,00;364,60;779,35;3255,68;-49209,35;;;;;;;
07.01.2025;1143,95;421,13;0,00;200,00;621,13;522,82;3778,50;-48686,53;;;;;;;
08.01.2025;1143,95;165,79;0,00;0,00;165,79;978,16;4756,66;-47708,37;;;;;;;
09.01.2025;1143,95;0,00;665,73;0,00;665,73;478,22;5234,88;-47230,15;;;;;;;
10.01.2025;1143,95;445,00;0,00;201,01;646,01;497,94;5732,82;-46732,21;;;;;;;
11.01.2025;1143,95;0,00;575,38;5350,00;5925,38;-4781,43;951,39;-51513,64;;;;;;;
12.01.2025;1143,95;572,45;90,89;740,00;1403,34;-259,39;692,00;-51773,03;;;;;;;
13.01.2025;1143,95;0,00;0,00;600,00;600,00;543,95;1235,95;-51229,08;;;;;;;
14.01.2025;1143,95;526,79;46,40;0,00;573,19;570,76;1806,71;-50658,32;;;;;;;
15.01.2025;1143,95;76,99;0,00;0,00;76,99;1066,96;2873,67;-49591,36;;;;;;;
16.01.2025;1143,95;0,00;0,00;0,00;0,00;1143,95;4017,62;-48447,41;;;;;;;
17.01.2025;1143,95;175,00;0,00;0,00;175,00;968,95;4986,57;-47478,46;;;;;;;
18.01.2025;1143,95;532,20;126,46;500,00;1158,66;-14,71;4971,86;-47493,17;;;;;;;
19.01.2025;1143,95;135,00;0,00;0,00;135,00;1008,95;5980,81;-46484,22;;;;;;;
20.01.2025;1143,95;0,00;0,00;0,00;0,00;1143,95;7124,76;-45340,27;;;;;;;
21.01.2025;1143,95;581,83;0,00;150,00;731,83;412,12;7536,88;-44928,15;;;;;;;
22.01.2025;1143,95;897,30;210,00;0,00;1107,30;36,65;7573,53;-44891,50;;;;;;;
23.01.2025;1143,95;0,00;0,00;0,00;0,00;1143,95;8717,48;-43747,55;;;;;;;
24.01.2025;1143,95;452,42;221,06;0,00;673,48;470,47;9187,95;-43277,08;;;;;;;
25.01.2025;1143,95;133,90;787,78;450,00;1371,68;-227,73;8960,22;-43504,81;;;;;;;
26.01.2025;1143,95;30,29;0,00;0,00;30,29;1113,66;10073,88;-42391,15;;;;;;;
27.01.2025;1143,95;4717,48;0,00;0,00;4717,48;-3573,53;6500,35;-45964,68;;;;;;;
28.01.2025;1143,95;2785,30;0,00;0,00;2785,30;-1641,35;4859,00;-47606,03;;;;;;;
29.01.2025;1143,95;1015,94;0,00;0,00;1015,94;128,01;4987,01;-47478,02;;;;;;;
30.01.2025;1143,95;1546,12;0,00;0,00;1546,12;-402,17;4584,84;-47880,19;;;;;;;
31.01.2025;1143,95;1496,11;79,90;3059,00;4635,01;-3491,06;1093,78;-51371,25;;;;;;;
Разом;35462,45;18970,10;2863,56;12535,01;34368,67;1093,78;0,00;;;;;;;;
Лют.25;;;;;;;;;;;;;;;
Дата;План;Приват;А-банк;Готівка;Витрати;Різниця за день;Різниця за місяць;Різниця загалом;;;;;;;
Різниця;0,00;0,00;0,00;0,00;0,00;0,00;0,00;-51371,25;;;;;;;
01.02.2025;1657,29;2293,22;180,00;13513,03;15969,03;-14311,74;-14311,74;-65682,99;;;;;;;
02.02.2025;1657,29;642,00;113,10;0,00;755,10;902,19;-13409,55;-64780,80;;;;;;;
03.02.2025;1657,29;1731,84;0,00;0,00;1731,84;-74,55;-13484,10;-64855,35;;;;;;;
04.02.2025;1657,29;662,90;0,00;0,00;662,90;994,39;-12489,71;-63860,96;;;;;;;
05.02.2025;1657,29;940,00;160,91;0,00;1100,91;556,38;-11933,33;-63304,58;;;;;;;
06.02.2025;1657,29;495,94;0,00;0,00;495,94;1161,35;-10771,98;-62143,23;;;;;;;
07.02.2025;1657,29;501,10;318,39;3035,18;3854,67;-2197,38;-12969,36;-64340,61;;;;;;;
08.02.2025;1657,29;0,00;586,87;5226,13;5813,00;-4155,71;-17125,07;-68496,32;;;;;;;
09.02.2025;1657,29;358,95;147,67;0,00;506,62;1150,67;-15974,40;-67345,65;;;;;;;
10.02.2025;1657,29;934,22;0,00;0,00;934,22;723,07;-15251,33;-66622,58;;;;;;;
11.02.2025;1657,29;375,95;338,65;0,00;714,60;942,69;-14308,64;-65679,89;;;;;;;
12.02.2025;1657,29;3166,99;156,42;3000,00;6323,41;-4666,12;-18974,76;-70346,01;;;;;;;
13.02.2025;1657,29;178,00;104,90;600,00;882,90;774,39;-18200,37;-69571,62;;;;;;;
14.02.2025;1657,29;3414,86;159,38;0,00;3574,24;-1916,95;-20117,32;-71488,57;;;;;;;
15.02.2025;1657,29;220,00;362,49;1700,00;2282,49;-625,20;-20742,52;-72113,77;;;;;;;
16.02.2025;1657,29;832,53;331,59;0,00;1164,12;493,17;-20249,35;-71620,60;;;;;;;
17.02.2025;1657,29;44,00;142,41;0,00;186,41;1470,88;-18778,47;-70149,72;;;;;;;
18.02.2025;1657,29;720,77;775,74;0,00;1496,51;160,78;-18617,69;-69988,94;;;;;;;
19.02.2025;1657,29;706,94;918,31;0,00;1625,25;32,04;-18585,65;-69956,90;;;;;;;
20.02.2025;1657,29;1277,56;225,00;0,00;1502,56;154,73;-18430,92;-69802,17;;;;;;;
21.02.2025;1657,29;333,88;255,63;0,00;589,51;1067,78;-17363,14;-68734,39;;;;;;;
22.02.2025;1657,29;1570,81;163,25;0,00;1734,06;-76,77;-17439,91;-68811,16;;;;;;;
23.02.2025;1657,29;384,37;523,90;0,00;908,27;749,02;-16690,89;-68062,14;;;;;;;
24.02.2025;1657,29;218,00;137,90;0,00;355,90;1301,39;-15389,50;-66760,75;;;;;;;
25.02.2025;1657,29;535,25;253,33;0,00;788,58;868,71;-14520,79;-65892,04;;;;;;;
26.02.2025;1657,29;638,73;510,90;0,00;1149,63;507,66;-14013,13;-65384,38;;;;;;;
27.02.2025;1657,29;530,08;235,95;0,00;766,03;891,26;-13121,87;-64493,12;;;;;;;
28.02.2025;1657,29;1467,05;212,17;0,00;1679,22;-21,93;-13143,80;-64515,05;;;;;;;
01.03.2025;0,00;0,00;0,00;0,00;0,00;0,00;-13143,80;-64515,05;;;;;;;
02.03.2025;0,00;0,00;0,00;0,00;0,00;0,00;-13143,80;-64515,05;;;;;;;
03.03.2025;0,00;0,00;0,00;0,00;0,00;0,00;-13143,80;-64515,05;;;;;;;
Разом;46404,12;25175,94;7314,86;27074,34;59547,92;-13143,80;;;;;;;;;
Бер.25;;;;;;;;;;;;;;;
Дата;Розхід;;;;;;;;Дохід;;;;;;
;План;Приват;А-банк;Готівка;Витрати;Різниця за день;Різниця за місяць;Різниця загалом;Джерело доходу;Сума доходу;Заощадження;Сума до витрат;Щоденна зума до витрат;;
;;;;;;;;-64515,05;;;;;;;
01.03.2025;1993,66;1277,75;248,00;1025,10;2550,85;-557,19;-557,19;-65072,24;;0,00;0,00;0,00;0,00;;
02.03.2025;1993,66;733,03;51,90;0,00;784,93;1208,73;651,54;-63863,51;;0,00;0,00;0,00;0,00;;
03.03.2025;1993,66;1400,06;107,17;0,00;1507,23;486,43;1137,97;-63377,08;;0,00;0,00;0,00;0,00;;
04.03.2025;1993,66;1271,25;0,00;0,00;1271,25;722,41;1860,38;-62654,67;;0,00;0,00;0,00;0,00;;
05.03.2025;1993,66;781,00;305,36;15000,00;16086,36;-14092,70;-12232,32;-76747,37;Sid`s Salery;21141,77;2114,18;19027,59;613,79;;
06.03.2025;1993,66;1223,30;91,12;0,00;1314,42;679,24;-11553,08;-76068,13;National cashback;341,54;34,15;307,39;9,92;;
07.03.2025;1993,66;135,00;272,96;0,00;407,96;1585,70;-9967,38;-74482,43;;0,00;0,00;0,00;0,00;;
08.03.2025;1993,66;491,50;0,00;0,00;491,50;1502,16;-8465,22;-72980,27;;0,00;0,00;0,00;0,00;;
09.03.2025;1993,66;1378,09;246,71;3000,00;4624,80;-2631,14;-11096,36;-75611,41;;0,00;0,00;0,00;0,00;;
10.03.2025;1993,66;330,00;113,01;0,00;443,01;1550,65;-9545,71;-74060,76;;0,00;0,00;0,00;0,00;;
11.03.2025;1993,66;763,00;204,85;0,00;967,85;1025,81;-8519,90;-73034,95;;0,00;0,00;0,00;0,00;;
12.03.2025;1993,66;1319,66;253,98;0,00;1573,64;420,02;-8099,88;-72614,93;Olenka`s salery;22094,17;2209,42;19884,75;641,44;;
13.03.2025;1993,66;484,00;196,14;110,55;790,69;1202,97;-6896,91;-71411,96;;0,00;0,00;0,00;0,00;;
14.03.2025;1993,66;4858,71;218,00;0,00;5076,71;-3083,05;-9979,96;-74495,01;;0,00;0,00;0,00;0,00;;
15.03.2025;1993,66;3056,18;0,00;0,00;3056,18;-1062,52;-11042,48;-75557,53;;0,00;0,00;0,00;0,00;;
16.03.2025;1993,66;230,64;178,00;0,00;408,64;1585,02;-9457,46;-73972,51;;0,00;0,00;0,00;0,00;;
17.03.2025;1993,66;177,00;152,08;0,00;329,08;1664,58;-7792,88;-72307,93;;0,00;0,00;0,00;0,00;;
18.03.2025;1993,66;457,52;96,95;0,00;554,47;1439,19;-6353,69;-70868,74;;0,00;0,00;0,00;0,00;;
19.03.2025;1993,66;1373,48;83,90;0,00;1457,38;536,28;-5817,41;-70332,46;;0,00;0,00;0,00;0,00;;
20.03.2025;1993,66;1857,76;0,00;0,00;1857,76;135,90;-5681,51;-70196,56;;0,00;0,00;0,00;0,00;;
21.03.2025;1993,66;369,19;0,00;0,00;369,19;1624,47;-4057,04;-68572,09;;0,00;0,00;0,00;0,00;;
22.03.2025;1993,66;2172,82;0,00;0,00;2172,82;-179,16;-4236,20;-68751,25;;0,00;0,00;0,00;0,00;;
23.03.2025;1993,66;1538,54;0,00;0,00;1538,54;455,12;-3781,08;-68296,13;;0,00;0,00;0,00;0,00;;
24.03.2025;1993,66;2133,32;0,00;0,00;2133,32;-139,66;-3920,74;-68435,79;;0,00;0,00;0,00;0,00;;
25.03.2025;1993,66;755,45;24,23;0,00;779,68;1213,98;-2706,76;-67221,81;;0,00;0,00;0,00;0,00;;
26.03.2025;1993,66;315,44;0,00;0,00;315,44;1678,22;-1028,54;-65543,59;;0,00;0,00;0,00;0,00;;
27.03.2025;1993,66;316,36;160,00;0,00;476,36;1517,30;488,76;-64026,29;Сashback A-Bank;92,88;9,29;83,59;2,70;;
28.03.2025;1993,66;630,83;0,00;0,00;630,83;1362,83;1851,59;-62663,46;Сombat reward;25000,00;2500,00;22500,00;725,81;;
29.03.2025;1993,66;88,00;0,00;4405,03;4493,03;-2499,37;-647,78;-65162,83;;0,00;0,00;0,00;0,00;;
30.03.2025;1993,66;1476,09;0,00;0,00;1476,09;517,57;-130,21;-64645,26;;0,00;0,00;0,00;0,00;;
31.03.2025;1993,66;471,36;0,00;0,00;471,36;1522,30;1392,09;-63122,96;;0,00;0,00;0,00;0,00;;
Разом;61803,46;33866,33;3004,36;23540,68;60411,37;1392,09;;;;68670,36;6867,04;61803,32;1993,66;;
Кві.25;;;;;;;;;;;;;;;
Дата;Розхід;;;;;;;;Дохід;;;;;;
;План;Приват;А-банк;Готівка;Витрати;Різниця за день;Різниця за місяць;Різниця загалом;Джерело доходу;Сума доходу;Заощадження;Сума до витрат;Щоденна зума до витрат;;
;;;;;;;;-63122,96;;;;;;;
01.04.2025;4134,17;824,45;0,00;100,00;924,45;3209,72;3209,72;-59913,24;;0,00;0,00;0,00;0,00;;
02.04.2025;4134,17;810,72;192,20;0,00;1002,92;3131,25;6340,97;-56781,99;;0,00;0,00;0,00;0,00;;
03.04.2025;4134,17;446,06;0,00;0,00;446,06;3688,11;10029,08;-53093,88;;0,00;0,00;0,00;0,00;;
04.04.2025;4134,17;517,69;0,00;0,00;517,69;3616,48;13645,56;-49477,40;;0,00;0,00;0,00;0,00;;
05.04.2025;4134,17;1009,70;300,37;132,96;1443,03;2691,14;16336,70;-46786,26;Sid`s Salery;21141,77;2114,18;19027,59;613,79;;
06.04.2025;4134,17;833,08;250,00;4000,00;5083,08;-948,91;15387,79;-47735,17;National cashback;214,97;21,50;193,47;6,24;;
07.04.2025;4134,17;991,16;142,98;0,00;1134,14;3000,03;18387,82;-44735,14;;0,00;0,00;0,00;0,00;;
08.04.2025;4134,17;1084,84;0,00;0,00;1084,84;3049,33;21437,15;-41685,81;;0,00;0,00;0,00;0,00;;
09.04.2025;4134,17;76,20;74,61;0,00;150,81;3983,36;25420,51;-37702,45;;0,00;0,00;0,00;0,00;;
10.04.2025;4134,17;624,09;0,00;0,00;624,09;3510,08;28930,59;-34192,37;;0,00;0,00;0,00;0,00;;
11.04.2025;4134,17;629,27;0,00;205,00;834,27;3299,90;32230,49;-30892,47;Olenka`s salery;22094,17;2209,42;19884,75;641,44;;
12.04.2025;4134,17;759,59;0,00;0,00;759,59;3374,58;35605,07;-27517,89;;0,00;0,00;0,00;0,00;;
13.04.2025;4134,17;734,64;347,60;0,00;1082,24;3051,93;38657,00;-24465,96;;0,00;0,00;0,00;0,00;;
14.04.2025;4134,17;558,03;0,00;0,00;558,03;3576,14;42233,14;-20889,82;;0,00;0,00;0,00;0,00;;
15.04.2025;4134,17;4034,86;0,00;189,00;4223,86;-89,69;42143,45;-20979,51;;0,00;0,00;0,00;0,00;;
16.04.2025;4134,17;569,51;0,00;0,00;569,51;3564,66;45708,11;-17414,85;;0,00;0,00;0,00;0,00;;
17.04.2025;4134,17;2001,51;244,68;0,00;2246,19;1887,98;47596,09;-15526,87;;0,00;0,00;0,00;0,00;;
18.04.2025;4134,17;651,00;0,00;200,00;851,00;3283,17;50879,26;-12243,70;Сombat reward;35000,00;3500,00;31500,00;1016,13;;
19.04.2025;4134,17;899,00;381,34;0,00;1280,34;2853,83;53733,09;-9389,87;;0,00;0,00;0,00;0,00;;
20.04.2025;4134,17;128,80;656,22;0,00;785,02;3349,15;57082,24;-6040,72;;0,00;0,00;0,00;0,00;;
21.04.2025;4134,17;1049,17;0,00;0,00;1049,17;3085,00;60167,24;-2955,72;;0,00;0,00;0,00;0,00;;
22.04.2025;4134,17;1086,00;0,00;6000,00;7086,00;-2951,83;57215,41;-5907,55;;0,00;0,00;0,00;0,00;;
23.04.2025;4134,17;579,20;0,00;3700,00;4279,20;-145,03;57070,38;-6052,58;;0,00;0,00;0,00;0,00;;
24.04.2025;4134,17;756,36;0,00;0,00;756,36;3377,81;60448,19;-2674,77;;0,00;0,00;0,00;0,00;;
25.04.2025;4134,17;698,92;0,00;60,00;758,92;3375,25;63823,44;700,48;Сombat reward;59354,84;5935,48;53419,36;1723,21;;
26.04.2025;4134,17;1544,87;0,00;0,00;1544,87;2589,30;66412,74;3289,78;;0,00;0,00;0,00;0,00;;
27.04.2025;4134,17;2292,13;0,00;0,00;2292,13;1842,04;68254,78;5131,82;Сashback A-Bank;0,00;0,00;0,00;0,00;;
28.04.2025;4134,17;461,10;0,00;0,00;461,10;3673,07;71927,85;8804,89;;0,00;0,00;0,00;0,00;;
29.04.2025;4134,17;173,24;494,27;155,00;822,51;3311,66;75239,51;12116,55;;0,00;0,00;0,00;0,00;;
30.04.2025;4134,17;508,56;168,50;0,00;677,06;3457,11;78696,62;15573,66;;0,00;0,00;0,00;0,00;;
01.05.2025;0,00;0,00;0,00;0,00;0,00;0,00;78696,62;15573,66;;0,00;0,00;0,00;0,00;;
Разом;124025,10;27333,75;3252,77;14741,96;45328,48;78696,62;;;;137805,75;13780,58;124025,18;4134,17;;
Тра.25;;;;;;;;;;;;;;;
Дата;Розхід;;;;;;;;Дохід;;;;;;
;План;Приват;А-банк;Готівка;Витрати;Різниця за день;Різниця за місяць;Різниця загалом;Джерело доходу;Сума доходу;Заощадження;Сума до витрат;Щоденна зума до витрат;;
;;;;;;;;15573,66;;;;;;;
01.05.2025;1907,42;1242,83;353,83;460,41;2057,07;-149,65;-149,65;15424,01;;0,00;0,00;0,00;0,00;;
02.05.2025;1907,42;291,99;170,66;5219,43;5682,08;-3774,66;-3924,31;11649,35;;0,00;0,00;0,00;0,00;;
03.05.2025;1907,42;4057,97;827,00;4400,00;9284,97;-7377,55;-11301,86;4271,80;;0,00;0,00;0,00;0,00;;
04.05.2025;1907,42;2930,50;850,80;4500,00;8281,30;-6373,88;-17675,74;-2102,08;;0,00;0,00;0,00;0,00;;
05.05.2025;1907,42;516,30;281,59;6100,00;6897,89;-4990,47;-22666,21;-7092,55;Sid`s Salery;21141,77;2114,18;19027,59;613,79;;
06.05.2025;1907,42;539,09;108,92;0,00;648,01;1259,41;-21406,80;-5833,14;;0,00;0,00;0,00;0,00;;
07.05.2025;1907,42;148,50;833,18;1105,53;2087,21;-179,79;-21586,59;-6012,93;;0,00;0,00;0,00;0,00;;
08.05.2025;1907,42;123,70;387,94;102,00;613,64;1293,78;-20292,81;-4719,15;;0,00;0,00;0,00;0,00;;
09.05.2025;1907,42;1984,15;194,50;60,00;2238,65;-331,23;-20624,04;-5050,38;Olenka`s salery;22094,17;2209,42;19884,75;641,44;;
10.05.2025;1907,42;221,87;575,90;1000,00;1797,77;109,65;-20514,39;-4940,73;Olenka`shealth benefits;22094,17;2209,42;19884,75;641,44;;
11.05.2025;1907,42;583,69;808,89;0,00;1392,58;514,84;-19999,55;-4425,89;;0,00;0,00;0,00;0,00;;
12.05.2025;1907,42;1233,84;875,16;6760,93;8869,93;-6962,51;-26962,06;-11388,40;;0,00;0,00;0,00;0,00;;
13.05.2025;1907,42;3195,30;0,00;0,00;3195,30;-1287,88;-28249,94;-12676,28;;0,00;0,00;0,00;0,00;;
14.05.2025;1907,42;428,86;111,10;0,00;539,96;1367,46;-26882,48;-11308,82;National cashback;369,88;36,99;332,89;10,74;;
15.05.2025;1907,42;805,39;2390,13;120,60;3316,12;-1408,70;-28291,18;-12717,52;;0,00;0,00;0,00;0,00;;
16.05.2025;1907,42;549,09;349,27;52,62;950,98;956,44;-27334,74;-11761,08;;0,00;0,00;0,00;0,00;;
17.05.2025;1907,42;0,00;583,59;0,00;583,59;1323,83;-26010,91;-10437,25;;0,00;0,00;0,00;0,00;;
18.05.2025;1907,42;2477,96;128,61;20000,00;22606,57;-20699,15;-46710,06;-31136,40;Сombat reward;0,00;0,00;0,00;0,00;;
19.05.2025;1907,42;754,99;206,36;0,00;961,35;946,07;-45763,99;-30190,33;;0,00;0,00;0,00;0,00;;
20.05.2025;1907,42;0,00;344,42;37,11;381,53;1525,89;-44238,10;-28664,44;;0,00;0,00;0,00;0,00;;
21.05.2025;1907,42;480,00;210,78;305,00;995,78;911,64;-43326,46;-27752,80;;0,00;0,00;0,00;0,00;;
22.05.2025;1907,42;721,42;165,00;0,00;886,42;1021,00;-42305,46;-26731,80;;0,00;0,00;0,00;0,00;;
23.05.2025;1907,42;1022,48;618,47;0,00;1640,95;266,47;-42038,99;-26465,33;;0,00;0,00;0,00;0,00;;
24.05.2025;1907,42;0,00;200,60;0,00;200,60;1706,82;-40332,17;-24758,51;;0,00;0,00;0,00;0,00;;
25.05.2025;1907,42;173,17;198,91;6000,00;6372,08;-4464,66;-44796,83;-29223,17;Сombat reward;0,00;0,00;0,00;0,00;;
26.05.2025;1907,42;42,00;85,51;1245,00;1372,51;534,91;-44261,92;-28688,26;;0,00;0,00;0,00;0,00;;
27.05.2025;1907,42;451,75;175,40;120,00;747,15;1160,27;-43101,65;-27527,99;Сashback A-Bank;0,00;0,00;0,00;0,00;;
28.05.2025;1907,42;599,10;34,90;55,28;689,28;1218,14;-41883,51;-26309,85;;0,00;0,00;0,00;0,00;;
29.05.2025;1907,42;305,87;157,80;0,00;463,67;1443,75;-40439,76;-24866,10;;0,00;0,00;0,00;0,00;;
30.05.2025;1907,42;371,70;140,18;0,00;511,88;1395,54;-39044,22;-23470,56;;0,00;0,00;0,00;0,00;;
31.05.2025;1907,42;220,40;185,90;0,00;406,30;1501,12;-37543,10;-21969,44;;0,00;0,00;0,00;0,00;;
Разом;59130,02;26473,91;12555,30;57643,91;96673,12;-37543,10;;;;65699,99;6570,00;59129,99;1907,42;;
Чер.25;;;;;;;;;;;;;;;
Дата;Розхід;;;;;;;;Дохід;;;;;;
;План;Приват;А-банк;Готівка;Витрати;Різниця за день;Різниця за місяць;Різниця загалом;Джерело доходу;Сума доходу;Заощадження;Сума до витрат;Щоденна зума до витрат;;
;;;;;;;;-21969,44;;;;;;;
01.06.2025;3077,71;186,60;152,83;5247,55;5586,98;-2509,27;-2509,27;-24478,71;;0,00;0,00;0,00;0,00;;
02.06.2025;3077,71;76,30;165,80;83,43;325,53;2752,18;242,91;-21726,53;;0,00;0,00;0,00;0,00;;
03.06.2025;3077,71;1373,09;226,15;100,50;1699,74;1377,97;1620,88;-20348,56;;0,00;0,00;0,00;0,00;;
04.06.2025;3077,71;343,68;172,60;0,00;516,28;2561,43;4182,31;-17787,13;;0,00;0,00;0,00;0,00;;
05.06.2025;3077,71;1244,31;49,50;0,00;1293,81;1783,90;5966,21;-16003,23;Sid`s Salery;21141,77;2114,18;19027,59;634,25;;
06.06.2025;3077,71;524,10;197,00;0,00;721,10;2356,61;8322,82;-13646,62;Olenka`s salery;22501,58;2250,16;20251,42;675,05;;
07.06.2025;3077,71;1917,48;370,84;253,80;2542,12;535,59;8858,41;-13111,03;;0,00;0,00;0,00;0,00;;
08.06.2025;3077,71;938,20;0,00;0,00;938,20;2139,51;10997,92;-10971,52;;0,00;0,00;0,00;0,00;;
09.06.2025;3077,71;3599,53;498,22;100,50;4198,25;-1120,54;9877,38;-12092,06;;0,00;0,00;0,00;0,00;;
10.06.2025;3077,71;430,30;0,00;1000,00;1430,30;1647,41;11524,79;-10444,65;Olenka`s health benefits;0,00;0,00;0,00;0,00;;
11.06.2025;3077,71;1427,24;192,36;4040,00;5659,60;-2581,89;8942,90;-13026,54;National cashback;350,08;35,01;315,07;10,50;;
12.06.2025;3077,71;242,97;0,00;0,00;242,97;2834,74;11777,64;-10191,80;;0,00;0,00;0,00;0,00;;
13.06.2025;3077,71;227,02;94,07;2323,52;2644,61;433,10;12210,74;-9758,70;;0,00;0,00;0,00;0,00;;
14.06.2025;3077,71;646,42;84,57;3015,00;3745,99;-668,28;11542,46;-10426,98;;0,00;0,00;0,00;0,00;;
15.06.2025;3077,71;2321,15;387,20;0,00;2708,35;369,36;11911,82;-10057,62;;0,00;0,00;0,00;0,00;;
16.06.2025;3077,71;479,18;0,00;4520,63;4999,81;-1922,10;9989,72;-11979,72;;0,00;0,00;0,00;0,00;;
17.06.2025;3077,71;2318,04;731,88;1216,08;4266,00;-1188,29;8801,43;-13168,01;;0,00;0,00;0,00;0,00;;
18.06.2025;3077,71;736,00;243,51;0,00;979,51;2098,20;10899,63;-11069,81;Olenka`sСombat reward;28596,78;2859,68;25737,10;857,90;;
19.06.2025;3077,71;775,62;187,84;0,00;963,46;2114,25;13013,88;-8955,56;;0,00;0,00;0,00;0,00;;
20.06.2025;3077,71;1511,46;0,00;0,00;1511,46;1566,25;14580,13;-7389,31;Sid`s Сombat reward;30000,00;3000,00;27000,00;900,00;;
21.06.2025;3077,71;409,99;871,79;7000,00;8281,78;-5204,07;9376,06;-12593,38;;0,00;0,00;0,00;0,00;;
22.06.2025;3077,71;4099,13;0,00;0,00;4099,13;-1021,42;8354,64;-13614,80;;0,00;0,00;0,00;0,00;;
23.06.2025;3077,71;0,00;0,00;0,00;0,00;3077,71;11432,35;-10537,09;;0,00;0,00;0,00;0,00;;
24.06.2025;3077,71;114,10;477,36;150,00;741,46;2336,25;13768,60;-8200,84;;0,00;0,00;0,00;0,00;;
25.06.2025;3077,71;265,40;0,00;10,00;275,40;2802,31;16570,91;-5398,53;;0,00;0,00;0,00;0,00;;
26.06.2025;3077,71;547,60;166,50;254,00;968,10;2109,61;18680,52;-3288,92;;0,00;0,00;0,00;0,00;;
27.06.2025;3077,71;594,37;0,00;100,00;694,37;2383,34;21063,86;-905,58;Сashback A-Bank;0,00;0,00;0,00;0,00;;
28.06.2025;3077,71;604,79;349,77;50,00;1004,56;2073,15;23137,01;1167,57;;0,00;0,00;0,00;0,00;;
29.06.2025;3077,71;679,58;0,00;0,00;679,58;2398,13;25535,14;3565,70;;0,00;0,00;0,00;0,00;;
30.06.2025;3077,71;507,80;0,00;0,00;507,80;2569,91;28105,05;6135,61;;0,00;0,00;0,00;0,00;;
01.07.2025;0,00;0,00;0,00;0,00;0,00;0,00;28105,05;6135,61;;0,00;0,00;0,00;0,00;;
Разом;92331,30;29141,45;5619,79;29465,01;64226,25;28105,05;;;;102590,21;10259,02;92331,19;3077,71;;
Лип.25;;;;;;;;;;;;;;;
Дата;Розхід;;;;;;;;Дохід;;;;;;
;План;Приват;А-банк;Готівка;Витрати;Різниця за день;Різниця за місяць;Різниця загалом;Джерело доходу;Сума доходу;Заощадження;Сума до витрат;Щоденна зума до витрат;;
;;;;;;;;6135,61;;;;;;;
01.07.2025;3083,62;265,00;610,50;8768,62;9644,12;-6560,50;-6560,50;-424,89;Sid`s Salery;21141,77;2114,18;19027,59;634,25;;
02.07.2025;3083,62;251,00;69,30;672,11;992,41;2091,21;-4469,29;1666,32;National cashback;543,54;54,35;489,19;16,31;;
03.07.2025;3083,62;189,15;457,78;2010,05;2656,98;426,64;-4042,65;2092,96;Sid`s health benefits;21141,78;2114,18;19027,60;634,25;;
04.07.2025;3083,62;189,15;527,49;1005,03;1721,67;1361,95;-2680,70;3454,91;Olenka`s salery;29193,37;2919,34;26274,03;875,80;;
05.07.2025;3083,62;968,20;0,00;0,00;968,20;2115,42;-565,28;5570,33;;0,00;0,00;0,00;0,00;;
06.07.2025;3083,62;1570,34;211,50;0,00;1781,84;1301,78;736,50;6872,11;;0,00;0,00;0,00;0,00;;
07.07.2025;3083,62;39,20;0,00;244,24;283,44;2800,18;3536,68;9672,29;;0,00;0,00;0,00;0,00;;
08.07.2025;3083,62;344,50;0,00;0,00;344,50;2739,12;6275,80;12411,41;;0,00;0,00;0,00;0,00;;
09.07.2025;3083,62;80,10;0,00;206,03;286,13;2797,49;9073,29;15208,90;;0,00;0,00;0,00;0,00;;
10.07.2025;3083,62;2416,09;720,47;756,33;3892,89;-809,27;8264,02;14399,63;Olenka`s health benefits;0,00;0,00;0,00;0,00;;
11.07.2025;3083,62;1796,55;0,00;100,50;1897,05;1186,57;9450,59;15586,20;;0,00;0,00;0,00;0,00;;
12.07.2025;3083,62;877,28;754,41;0,00;1631,69;1451,93;10902,52;17038,13;;0,00;0,00;0,00;0,00;;
13.07.2025;3083,62;1835,97;0,00;43,22;1879,19;1204,43;12106,95;18242,56;;0,00;0,00;0,00;0,00;;
14.07.2025;3083,62;475,96;0,00;379,00;854,96;2228,66;14335,61;20471,22;;0,00;0,00;0,00;0,00;;
15.07.2025;3083,62;827,46;188,15;673,93;1689,54;1394,08;15729,69;21865,30;;0,00;0,00;0,00;0,00;;
16.07.2025;3083,62;1563,00;407,26;294,27;2264,53;819,09;16548,78;22684,39;;0,00;0,00;0,00;0,00;;
17.07.2025;3083,62;0,00;0,00;0,00;0,00;3083,62;19632,40;25768,01;;0,00;0,00;0,00;0,00;;
18.07.2025;3083,62;1615,18;0,00;0,00;1615,18;1468,44;21100,84;27236,45;;0,00;0,00;0,00;0,00;;
19.07.2025;3083,62;400,65;542,89;4000,00;4943,54;-1859,92;19240,92;25376,53;;0,00;0,00;0,00;0,00;;
20.07.2025;3083,62;478,90;0,00;0,00;478,90;2604,72;21845,64;27981,25;Sid`s Сombat reward;0,00;0,00;0,00;0,00;;
21.07.2025;3083,62;47,99;883,25;0,00;931,24;2152,38;23998,02;30133,63;;0,00;0,00;0,00;0,00;;
22.07.2025;3083,62;2099,94;631,65;4114,07;6845,66;-3762,04;20235,98;26371,59;Olenka`sСombat reward;30767,00;3076,70;27690,30;923,01;;
23.07.2025;3083,62;2045,68;0,00;0,00;2045,68;1037,94;21273,92;27409,53;;0,00;0,00;0,00;0,00;;
24.07.2025;3083,62;375,90;0,00;0,00;375,90;2707,72;23981,64;30117,25;;0,00;0,00;0,00;0,00;;
25.07.2025;3083,62;4019,08;0,00;3900,00;7919,08;-4835,46;19146,18;25281,79;;0,00;0,00;0,00;0,00;;
26.07.2025;3083,62;767,80;278,63;254,00;1300,43;1783,19;20929,37;27064,98;;0,00;0,00;0,00;0,00;;
27.07.2025;3083,62;0,00;837,85;100,50;938,35;2145,27;23074,64;29210,25;Сashback A-Bank;0,00;0,00;0,00;0,00;;
28.07.2025;3083,62;0,00;647,51;361,86;1009,37;2074,25;25148,89;31284,50;;0,00;0,00;0,00;0,00;;
29.07.2025;3083,62;2580,00;928,36;0,00;3508,36;-424,74;24724,15;30859,76;;0,00;0,00;0,00;0,00;;
30.07.2025;3083,62;431,52;0,00;0,00;431,52;2652,10;27376,25;33511,86;;0,00;0,00;0,00;0,00;;
31.07.2025;3083,62;928,08;778,28;791,59;2497,95;585,67;27961,92;34097,53;;0,00;0,00;0,00;0,00;;
Разом;95592,22;29479,67;9475,28;28675,35;67630,30;27961,92;;;;102787,46;10278,75;92508,71;3083,62;;
Сер.25;;;;;;;;;;;;;;;
Дата;Розхід;;;;;;;;Дохід;;;;;;
;План;Приват;А-банк;Готівка;Витрати;Різниця за день;Різниця за місяць;Різниця загалом;Джерело доходу;Сума доходу;Заощадження;Сума до витрат;Щоденна зума до витрат;;
;;;;;;;;34097,53;;;;;;;
01.08.2025;2536,46;0,00;243,14;700,00;943,14;1593,32;1593,32;35690,85;Any other;100,00;10,00;90,00;3,00;;
02.08.2025;2536,46;3366,12;1072,49;10721,25;15159,86;-12623,40;-11030,08;23067,45;National cashback;277,48;27,75;249,73;8,32;;
03.08.2025;2536,46;534,80;0,00;254,00;788,80;1747,66;-9282,42;24815,11;Sid`s health benefits;0,00;0,00;0,00;0,00;;
04.08.2025;2536,46;0,00;0,00;0,00;0,00;2536,46;-6745,96;27351,57;social rewards;2106,88;210,69;1896,19;63,21;;
05.08.2025;2536,46;0,00;47,90;0,00;47,90;2488,56;-4257,40;29840,13;;0,00;0,00;0,00;0,00;;
06.08.2025;2536,46;956,54;1199,55;0,00;2156,09;380,37;-3877,03;30220,50;Sid`s Salery;21273,01;2127,30;19145,71;638,19;;
07.08.2025;2536,46;151,00;0,00;328,16;479,16;2057,30;-1819,73;32277,80;;0,00;0,00;0,00;0,00;;
08.08.2025;2536,46;0,00;511,08;0,00;511,08;2025,38;205,65;34303,18;Olenka`s salery;24745,30;2474,53;22270,77;742,36;;
09.08.2025;2536,46;0,00;0,00;0,00;0,00;2536,46;2742,11;36839,64;;0,00;0,00;0,00;0,00;;
10.08.2025;2536,46;260,50;1529,03;387,05;2176,58;359,88;3101,99;37199,52;Olenka`s health benefits;0,00;0,00;0,00;0,00;;
11.08.2025;2536,46;365,29;0,00;0,00;365,29;2171,17;5273,16;39370,69;;0,00;0,00;0,00;0,00;;
12.08.2025;2536,46;193,00;0,00;469,85;662,85;1873,61;7146,77;41244,30;;0,00;0,00;0,00;0,00;;
13.08.2025;2536,46;415,70;226,50;502,51;1144,71;1391,75;8538,52;42636,05;Any other;77,00;7,70;69,30;2,31;;
14.08.2025;2536,46;0,00;732,19;0,00;732,19;1804,27;10342,79;44440,32;;0,00;0,00;0,00;0,00;;
15.08.2025;2536,46;342,88;330,01;41819,50;42492,39;-39955,93;-29613,14;4484,39;;0,00;0,00;0,00;0,00;;
16.08.2025;2536,46;1929,95;1460,50;385,48;3775,93;-1239,47;-30852,61;3244,92;Any other;494,71;49,47;445,24;14,84;;
17.08.2025;2536,46;1875,48;733,51;10000,00;12608,99;-10072,53;-40925,14;-6827,61;;0,00;0,00;0,00;0,00;;
18.08.2025;2536,46;2872,41;140,00;0,00;3012,41;-475,95;-41401,09;-7303,56;;0,00;0,00;0,00;0,00;;
19.08.2025;2536,46;1675,03;1011,04;5000,00;7686,07;-5149,61;-46550,70;-12453,17;;0,00;0,00;0,00;0,00;;
20.08.2025;2536,46;1220,00;1443,33;0,00;2663,33;-126,87;-46677,57;-12580,04;;0,00;0,00;0,00;0,00;;
21.08.2025;2536,46;0,00;49,80;0,00;49,80;2486,66;-44190,91;-10093,38;;0,00;0,00;0,00;0,00;;
22.08.2025;2536,46;726,50;100,00;22627,00;23453,50;-20917,04;-65107,95;-31010,42;Sid`s Сombat reward;1000,00;100,00;900,00;30,00;;
23.08.2025;2536,46;3742,17;0,00;2728,05;6470,22;-3933,76;-69041,71;-34944,18;Olenka`sСombat reward;29550,00;2955,00;26595,00;886,50;;
24.08.2025;2536,46;769,78;0,00;718,80;1488,58;1047,88;-67993,83;-33896,30;;0,00;0,00;0,00;0,00;;
25.08.2025;2536,46;2544,31;0,00;2000,00;4544,31;-2007,85;-70001,68;-35904,15;Any other;3000,00;300,00;2700,00;90,00;;
26.08.2025;2536,46;1724,38;625,99;0,00;2350,37;186,09;-69815,59;-35718,06;;0,00;0,00;0,00;0,00;;
27.08.2025;2536,46;4593,97;310,38;5781,95;10686,30;-8149,84;-77965,43;-43867,90;Any other;483,15;48,32;434,84;14,49;;
28.08.2025;2536,46;2355,27;0,00;665,10;3020,37;-483,91;-78449,34;-44351,81;Any other;741,12;74,11;667,01;22,23;;
29.08.2025;2536,46;611,53;165,38;0,00;776,91;1759,55;-76689,79;-42592,26;Сashback A-Bank;0,00;0,00;0,00;0,00;;
30.08.2025;2536,46;1811,63;0,00;0,00;1811,63;724,83;-75964,96;-41867,43;;0,00;0,00;0,00;0,00;;
31.08.2025;2536,46;3649,69;25,50;5527,64;9202,83;-6666,37;-82631,33;-48533,80;Any other;700,00;70,00;630,00;21,00;;
Разом;78630,26;38687,93;11957,32;110616,34;161261,59;-82631,33;;;;84548,65;8454,87;76093,79;2536,46;;
Вер.25;;;;;;;;;;;;;;;
Дата;Розхід;;;;;;;;Дохід;;;;;;
;План;Приват;А-банк;Готівка;Витрати;Різниця за день;Різниця за місяць;Різниця загалом;Джерело доходу;Сума доходу;Заощадження;Сума до витрат;Щоденна зума до витрат;;
;;;;;;;;-48533,80;;;;;;;
01.09.2025;2468,43;1561,98;0,00;1792,96;3354,94;-886,51;-886,51;-49420,31;Any other;4018,51;401,85;3616,66;120,56;;
02.09.2025;2468,43;1057,17;0,00;1545,14;2602,31;-133,88;-1020,39;-49554,19;National cashback;261,29;26,13;235,16;7,84;;
03.09.2025;2468,43;1253,77;0,00;0,00;1253,77;1214,66;194,27;-48339,53;Sid`s health benefits;0,00;0,00;0,00;0,00;;
04.09.2025;2468,43;724,71;0,00;20,00;744,71;1723,72;1917,99;-46615,81;social rewards;2107,68;210,77;1896,91;63,23;;
05.09.2025;2468,43;834,27;0,00;13862,31;14696,58;-12228,15;-10310,16;-58843,96;Olenka`s salery;24745,28;2474,53;22270,75;742,36;;
06.09.2025;2468,43;285,60;1644,84;5000,00;6930,44;-4462,01;-14772,17;-63305,97;Sid`s Salery;21273,01;2127,30;19145,71;638,19;;
07.09.2025;2468,43;277,60;238,57;0,00;516,17;1952,26;-12819,91;-61353,71;;0,00;0,00;0,00;0,00;;
08.09.2025;2468,43;64,90;109,00;0,00;173,90;2294,53;-10525,38;-59059,18;;0,00;0,00;0,00;0,00;;
09.09.2025;2468,43;109,40;0,00;0,00;109,40;2359,03;-8166,35;-56700,15;;0,00;0,00;0,00;0,00;;
10.09.2025;2468,43;1487,10;0,00;0,00;1487,10;981,33;-7185,02;-55718,82;Olenka`s health benefits;0,00;0,00;0,00;0,00;;
11.09.2025;2468,43;153,60;0,00;0,00;153,60;2314,83;-4870,19;-53403,99;;0,00;0,00;0,00;0,00;;
12.09.2025;2468,43;5678,08;1384,55;0,00;7062,63;-4594,20;-9464,39;-57998,19;;0,00;0,00;0,00;0,00;;
13.09.2025;2468,43;1347,28;143,02;0,00;1490,30;978,13;-8486,26;-57020,06;;0,00;0,00;0,00;0,00;;
14.09.2025;2468,43;1672,16;624,40;10234,63;12531,19;-10062,76;-18549,02;-67082,82;Sid`s Сombat reward;0,00;0,00;0,00;0,00;;
15.09.2025;2468,43;353,45;104,40;0,00;457,85;2010,58;-16538,44;-65072,24;;0,00;0,00;0,00;0,00;;
16.09.2025;2468,43;1340,60;109,80;502,51;1952,91;515,52;-16022,92;-64556,72;;0,00;0,00;0,00;0,00;;
17.09.2025;2468,43;2165,00;154,77;727,16;3046,93;-578,50;-16601,42;-65135,22;Сashback A-Bank;325,15;32,52;292,64;9,75;;
18.09.2025;2468,43;582,07;205,37;0,00;787,44;1680,99;-14920,43;-63454,23;;0,00;0,00;0,00;0,00;;
19.09.2025;2468,43;997,31;127,01;0,00;1124,32;1344,11;-13576,32;-62110,12;Olenka`sСombat reward;29550,00;2955,00;26595,00;886,50;;
20.09.2025;2468,43;51,00;133,51;105,53;290,04;2178,39;-11397,93;-59931,73;;0,00;0,00;0,00;0,00;;
21.09.2025;2468,43;394,96;105,10;540,00;1040,06;1428,37;-9969,56;-58503,36;;0,00;0,00;0,00;0,00;;
22.09.2025;2468,43;985,76;1172,78;696,26;2854,80;-386,37;-10355,93;-58889,73;;0,00;0,00;0,00;0,00;;
23.09.2025;2468,43;1894,32;181,50;0,00;2075,82;392,61;-9963,32;-58497,12;;0,00;0,00;0,00;0,00;;
24.09.2025;2468,43;684,10;566,29;0,00;1250,39;1218,04;-8745,28;-57279,08;;0,00;0,00;0,00;0,00;;
25.09.2025;2468,43;81,00;691,04;0,00;772,04;1696,39;-7048,89;-55582,69;;0,00;0,00;0,00;0,00;;
26.09.2025;2468,43;1038,60;576,93;601,00;2216,53;251,90;-6796,99;-55330,79;;0,00;0,00;0,00;0,00;;
27.09.2025;2468,43;585,56;160,50;0,00;746,06;1722,37;-5074,62;-53608,42;;0,00;0,00;0,00;0,00;;
28.09.2025;2468,43;1293,00;190,66;0,00;1483,66;984,77;-4089,85;-52623,65;;0,00;0,00;0,00;0,00;;
29.09.2025;2468,43;514,38;113,00;0,00;627,38;1841,05;-2248,80;-50782,60;;0,00;0,00;0,00;0,00;;
30.09.2025;2468,43;100,00;552,66;0,00;652,66;1815,77;-433,03;-48966,83;;0,00;0,00;0,00;0,00;;
01.10.2025;0,00;0,00;0,00;0,00;0,00;0,00;-433,03;-48966,83;;0,00;0,00;0,00;0,00;;
Разом;74052,90;29568,73;9289,70;35627,50;74485,93;-433,03;;;;82280,92;8228,09;74052,83;2468,43;;1771,91
Жов.25;;;;;;;;;;;;;;;
Дата;Розхід;;;;;;;;Дохід;;;;;;
;План;Приват;А-банк;Готівка;Витрати;Різниця за день;Різниця за місяць;Різниця загалом;Джерело доходу;Сума доходу;Заощадження;Сума до витрат;Щоденна зума до витрат;;
;;;;;;;;-48966,83;;;;;;;
01.10.2025;2342,43;1525,00;240,00;0,00;1765,00;577,43;577,43;-48389,40;Any other;0,00;0,00;0,00;0,00;;
02.10.2025;2342,43;591,81;569,46;0,00;1161,27;1181,16;1758,59;-47208,24;National cashback;0,00;0,00;0,00;0,00;;
03.10.2025;2342,43;281,60;376,17;0,00;657,77;1684,66;3443,25;-45523,58;Sid`s health benefits;0,00;0,00;0,00;0,00;;
04.10.2025;2342,43;704,29;0,00;0,00;704,29;1638,14;5081,39;-43885,44;social rewards;2107,68;210,77;1896,91;63,23;;
05.10.2025;2342,43;11087,53;0,00;2450,00;13537,53;-11195,10;-6113,71;-55080,54;Olenka`s salery;24745,28;2474,53;22270,75;742,36;;
06.10.2025;2342,43;499,48;0,00;0,00;499,48;1842,95;-4270,76;-53237,59;Sid`s Salery;21273,01;2127,30;19145,71;638,19;;
07.10.2025;2342,43;581,71;367,67;5771,91;6721,29;-4378,86;-8649,62;-57616,45;;0,00;0,00;0,00;0,00;;
08.10.2025;2342,43;1958,25;0,00;400,00;2358,25;-15,82;-8665,44;-57632,27;;0,00;0,00;0,00;0,00;;
09.10.2025;2342,43;345,67;260,97;502,51;1109,15;1233,28;-7432,16;-56398,99;;0,00;0,00;0,00;0,00;;
10.10.2025;2342,43;753,48;449,16;0,00;1202,64;1139,79;-6292,37;-55259,20;Olenka`s health benefits;0,00;0,00;0,00;0,00;;
11.10.2025;2342,43;2511,00;507,45;1708,00;4726,45;-2384,02;-8676,39;-57643,22;;0,00;0,00;0,00;0,00;;
12.10.2025;2342,43;1841,49;0,00;0,00;1841,49;500,94;-8175,45;-57142,28;;0,00;0,00;0,00;0,00;;
13.10.2025;2342,43;329,20;306,94;82,00;718,14;1624,29;-6551,16;-55517,99;;0,00;0,00;0,00;0,00;;
14.10.2025;2342,43;5375,40;56,44;0,00;5431,84;-3089,41;-9640,57;-58607,40;Sid`s Сombat reward;0,00;0,00;0,00;0,00;;
15.10.2025;2342,43;133,00;641,40;0,00;774,40;1568,03;-8072,54;-57039,37;;0,00;0,00;0,00;0,00;;
16.10.2025;2342,43;2062,27;286,18;0,00;2348,45;-6,02;-8078,56;-57045,39;;0,00;0,00;0,00;0,00;;
17.10.2025;2342,43;289,00;147,93;0,00;436,93;1905,50;-6173,06;-55139,89;Сashback A-Bank;0,00;0,00;0,00;0,00;;
18.10.2025;2342,43;311,75;265,12;0,00;576,87;1765,56;-4407,50;-53374,33;;0,00;0,00;0,00;0,00;;
19.10.2025;2342,43;923,56;172,38;0,00;1095,94;1246,49;-3161,01;-52127,84;;0,00;0,00;0,00;0,00;;
20.10.2025;2342,43;521,92;316,35;0,00;838,27;1504,16;-1656,85;-50623,68;;0,00;0,00;0,00;0,00;;
21.10.2025;2342,43;1864,21;244,00;0,00;2108,21;234,22;-1422,63;-50389,46;Olenka`sСombat reward;29955,00;2995,50;26959,50;898,65;;
22.10.2025;2342,43;570,89;82,47;938,00;1591,36;751,07;-671,56;-49638,39;;0,00;0,00;0,00;0,00;;
23.10.2025;2342,43;728,91;381,08;464,30;1574,29;768,14;96,58;-48870,25;;0,00;0,00;0,00;0,00;;
24.10.2025;2342,43;362,92;131,77;257,72;752,41;1590,02;1686,60;-47280,23;;0,00;0,00;0,00;0,00;;
25.10.2025;2342,43;6608,21;120,00;0,00;6728,21;-4385,78;-2699,18;-51666,01;;0,00;0,00;0,00;0,00;;
26.10.2025;2342,43;0,00;230,00;0,00;230,00;2112,43;-586,75;-49553,58;;0,00;0,00;0,00;0,00;;
27.10.2025;2342,43;358,38;170,44;0,00;528,82;1813,61;1226,86;-47739,97;;0,00;0,00;0,00;0,00;;
28.10.2025;2342,43;106,46;0,00;0,00;106,46;2235,97;3462,83;-45504,00;;0,00;0,00;0,00;0,00;;
29.10.2025;2342,43;187,00;48,00;0,00;235,00;2107,43;5570,26;-43396,57;;0,00;0,00;0,00;0,00;;
30.10.2025;2342,43;3158,08;284,44;7476,60;10919,12;-8576,69;-3006,43;-51973,26;;0,00;0,00;0,00;0,00;;
31.10.2025;2342,43;188,00;138,10;51,00;377,10;1965,33;-1041,10;-50007,93;;0,00;0,00;0,00;0,00;;
Разом;72615,33;46760,47;6793,92;20102,04;73656,43;-1041,10;;;;78080,97;7808,10;70272,87;2342,43;;
Лис.25;;;;;;;;;;;;;;;
Дата;Розхід;;;;;;;;Дохід;;;;;;
;План;Приват;А-банк;Готівка;Витрати;Різниця за день;Різниця за місяць;Різниця загалом;Джерело доходу;Сума доходу;Заощадження;Сума до витрат;Щоденна зума до витрат;;
;;;;;;;;-50007,93;;;;;;;
01.11.2025;2997,35;385,00;231,00;0,00;616,00;2381,35;2381,35;-47626,58;Any other;306,44;30,64;275,80;9,19;;
02.11.2025;2997,35;429,27;817,51;0,00;1246,78;1750,57;4131,92;-45876,01;National cashback;0,00;0,00;0,00;0,00;;
03.11.2025;2997,35;2027,46;74,12;0,00;2101,58;895,77;5027,69;-44980,24;Sid`s health benefits;0,00;0,00;0,00;0,00;;
04.11.2025;2997,35;52,00;144,75;0,00;196,75;2800,60;7828,29;-42179,64;social rewards;2917,13;291,71;2625,42;87,51;;
05.11.2025;2997,35;372,60;214,68;0,00;587,28;2410,07;10238,36;-39769,57;Olenka`s salery;24745,28;2474,53;22270,75;742,36;;
06.11.2025;2997,35;1896,81;383,83;0,00;2280,64;716,71;10955,07;-39052,86;Sid`s Salery;21273,01;2127,30;19145,71;638,19;;
07.11.2025;2997,35;307,02;123,50;0,00;430,52;2566,83;13521,90;-36486,03;;0,00;0,00;0,00;0,00;;
08.11.2025;2997,35;2645,99;0,00;0,00;2645,99;351,36;13873,26;-36134,67;;0,00;0,00;0,00;0,00;;
09.11.2025;2997,35;300,80;138,86;0,00;439,66;2557,69;16430,95;-33576,98;;0,00;0,00;0,00;0,00;;
10.11.2025;2997,35;2134,68;72,40;17636,55;19843,63;-16846,28;-415,33;-50423,26;Olenka`s health benefits;0,00;0,00;0,00;0,00;;
11.11.2025;2997,35;2421,55;113,00;4000,00;6534,55;-3537,20;-3952,53;-53960,46;Сashback A-Bank;493,72;49,37;444,35;14,81;;
12.11.2025;2997,35;1738,00;249,59;1996,90;3984,49;-987,14;-4939,67;-54947,60;;0,00;0,00;0,00;0,00;;
13.11.2025;2997,35;5719,51;614,39;0,00;6333,90;-3336,55;-8276,22;-58284,15;;0,00;0,00;0,00;0,00;;
14.11.2025;2997,35;468,50;0,00;0,00;468,50;2528,85;-5747,37;-55755,30;;0,00;0,00;0,00;0,00;;
15.11.2025;2997,35;11151,79;386,13;0,00;11537,92;-8540,57;-14287,94;-64295,87;;0,00;0,00;0,00;0,00;;
16.11.2025;2997,35;2299,05;0,00;263,32;2562,37;434,98;-13852,96;-63860,89;;0,00;0,00;0,00;0,00;;
17.11.2025;2997,35;50,00;275,40;0,00;325,40;2671,95;-11181,01;-61188,94;;0,00;0,00;0,00;0,00;;
18.11.2025;2997,35;6004,89;918,70;0,00;6923,59;-3926,24;-15107,25;-65115,18;;0,00;0,00;0,00;0,00;;
19.11.2025;2997,35;37,00;100,50;0,00;137,50;2859,85;-12247,40;-62255,33;;0,00;0,00;0,00;0,00;;
20.11.2025;2997,35;196,00;83,89;0,00;279,89;2717,46;-9529,94;-59537,87;;0,00;0,00;0,00;0,00;;
21.11.2025;2997,35;383,56;98,01;0,00;481,57;2515,78;-7014,16;-57022,09;Olenka`sСombat reward;29550,00;2955,00;26595,00;886,50;;
22.11.2025;2997,35;209,90;164,41;50,00;424,31;2573,04;-4441,12;-54449,05;;0,00;0,00;0,00;0,00;;
23.11.2025;2997,35;232,35;802,80;0,00;1035,15;1962,20;-2478,92;-52486,85;;0,00;0,00;0,00;0,00;;
24.11.2025;2997,35;37,00;145,42;0,00;182,42;2814,93;336,01;-49671,92;;0,00;0,00;0,00;0,00;;
25.11.2025;2997,35;1743,72;0,00;0,00;1743,72;1253,63;1589,64;-48418,29;Sid`s Сombat reward;20246,95;2024,70;18222,26;607,41;;
26.11.2025;2997,35;1198,87;249,50;0,00;1448,37;1548,98;3138,62;-46869,31;;0,00;0,00;0,00;0,00;;
27.11.2025;2997,35;2198,37;1647,82;0,00;3846,19;-848,84;2289,78;-47718,15;;0,00;0,00;0,00;0,00;;
28.11.2025;2997,35;392,41;195,28;0,00;587,69;2409,66;4699,44;-45308,49;Сashback A-Bank;379,01;37,90;341,11;11,37;;
29.11.2025;2997,35;1227,20;359,00;7300,32;8886,52;-5889,17;-1189,73;-51197,66;;0,00;0,00;0,00;0,00;;
30.11.2025;2997,35;407,00;200,10;0,00;607,10;2390,25;1200,52;-48807,41;;0,00;0,00;0,00;0,00;;
01.12.2025;0,00;0,00;0,00;0,00;0,00;0,00;1200,52;-48807,41;;0,00;0,00;0,00;0,00;;
Разом;89920,50;48668,30;8804,59;31247,09;88719,98;1200,52;;;;99911,54;9991,15;89920,39;2997,35;;
Гру.25;;;;;;;;;;;;;;;
Дата;Розхід;;;;;;;;Дохід;;;;;;
;План;Приват;А-банк;Готівка;Витрати;Різниця за день;Різниця за місяць;Різниця загалом;Джерело доходу;Сума доходу;Заощадження;Сума до витрат;Щоденна зума до витрат;;
;;;;;;;;-48807,41;;;;;;;
01.12.2025;1846,21;1106,96;0,00;0,00;1106,96;739,25;739,25;-48068,16;Any other;739,00;73,90;665,10;22,17;;
02.12.2025;1846,21;1339,00;155,36;0,00;1494,36;351,85;1091,10;-47716,31;National cashback;3000,00;300,00;2700,00;90,00;;
03.12.2025;1846,21;377,56;111,00;1763,72;2252,28;-406,07;685,03;-48122,38;Sid`s health benefits;0,00;0,00;0,00;0,00;;
04.12.2025;1846,21;386,22;31,60;2000,00;2417,82;-571,61;113,42;-48693,99;;0,00;0,00;0,00;0,00;;
05.12.2025;1846,21;1080,90;156,19;0,00;1237,09;609,12;722,54;-48084,87;Olenka`s salery;24971,17;2497,12;22474,05;749,14;;
06.12.2025;1846,21;828,23;116,12;150,00;1094,35;751,86;1474,40;-47333,01;Sid`s Salery;21273,01;2127,30;19145,71;638,19;;
07.12.2025;1846,21;183,39;92,44;0,00;275,83;1570,38;3044,78;-45762,63;;0,00;0,00;0,00;0,00;;
08.12.2025;1846,21;86,90;187,53;0,00;274,43;1571,78;4616,56;-44190,85;;0,00;0,00;0,00;0,00;;
09.12.2025;1846,21;850,80;0,00;0,00;850,80;995,41;5611,97;-43195,44;;0,00;0,00;0,00;0,00;;
10.12.2025;1846,21;599,80;137,31;0,00;737,11;1109,10;6721,07;-42086,34;Olenka`s health benefits;0,00;0,00;0,00;0,00;;
11.12.2025;1846,21;399,70;0,00;0,00;399,70;1446,51;8167,58;-40639,83;Сashback A-Bank;0,00;0,00;0,00;0,00;;
12.12.2025;1846,21;61,00;194,84;0,00;255,84;1590,37;9757,95;-39049,46;social rewards;3675,98;367,60;3308,38;110,28;;
13.12.2025;1846,21;2645,07;173,88;3201,01;6019,96;-4173,75;5584,20;-43223,21;;0,00;0,00;0,00;0,00;;
14.12.2025;1846,21;723,56;451,24;0,00;1174,80;671,41;6255,61;-42551,80;;0,00;0,00;0,00;0,00;;
15.12.2025;1846,21;459,70;166,35;0,00;626,05;1220,16;7475,77;-41331,64;;0,00;0,00;0,00;0,00;;
16.12.2025;1846,21;50,00;65,18;0,00;115,18;1731,03;9206,80;-39600,61;;0,00;0,00;0,00;0,00;;
17.12.2025;1846,21;1108,20;99,26;0,00;1207,46;638,75;9845,55;-38961,86;;0,00;0,00;0,00;0,00;;
18.12.2025;1846,21;2311,86;2299,74;3160,96;7772,56;-5926,35;3919,20;-44888,21;;0,00;0,00;0,00;0,00;;
19.12.2025;1846,21;1559,90;624,46;0,00;2184,36;-338,15;3581,05;-45226,36;;0,00;0,00;0,00;0,00;;
20.12.2025;1846,21;4253,27;1028,63;0,00;5281,90;-3435,69;145,36;-48662,05;;8865,00;886,50;7978,50;265,95;;
21.12.2025;1846,21;356,59;961,59;0,00;1318,18;528,03;673,39;-48134,02;Olenka`sСombat reward;0,00;0,00;0,00;0,00;;
22.12.2025;1846,21;1508,29;302,00;0,00;1810,29;35,92;709,31;-48098,10;;0,00;0,00;0,00;0,00;;
23.12.2025;1846,21;1067,89;1337,02;0,00;2404,91;-558,70;150,61;-48656,80;;0,00;0,00;0,00;0,00;;
24.12.2025;1846,21;710,25;499,97;0,00;1210,22;635,99;786,60;-48020,81;;0,00;0,00;0,00;0,00;;
25.12.2025;1846,21;0,00;0,00;0,00;0,00;1846,21;2632,81;-46174,60;Sid`s Сombat reward;0,00;0,00;0,00;0,00;;
26.12.2025;1846,21;680,46;0,00;0,00;680,46;1165,75;3798,56;-45008,85;;0,00;0,00;0,00;0,00;;
27.12.2025;1846,21;769,60;0,00;201,01;970,61;875,60;4674,16;-44133,25;;567,45;56,75;510,71;17,02;;
28.12.2025;1846,21;1999,90;301,40;0,00;2301,30;-455,09;4219,07;-44588,34;Сashback A-Bank;500,00;50,00;450,00;15,00;;
29.12.2025;1846,21;1435,16;0,00;0,00;1435,16;411,05;4630,12;-44177,29;;0,00;0,00;0,00;0,00;;
30.12.2025;1846,21;2676,72;0,00;100,50;2777,22;-931,01;3699,11;-45108,30;;0,00;0,00;0,00;0,00;;
31.12.2025;1846,21;469,00;0,00;0,00;469,00;1377,21;5076,32;-43731,09;;0,00;0,00;0,00;0,00;;
Разом;57232,51;32085,88;9493,11;10577,20;52156,19;5076,32;;;;63591,61;6359,16;57232,45;1846,21;;
Січ.26;;;;;;;;;;;;;;;
Дата;Розхід;;;;;;;;Дохід;;;;;;
;План;Приват;А-банк;Готівка;Витрати;Різниця за день;Різниця за місяць;Різниця загалом;Джерело доходу;Сума доходу;Заощадження;Сума до витрат;Щоденна зума до витрат;;
;;;;;;;;-43731,09;;;;;;;
01.01.2026;0,00;50,00;681,78;0,00;731,78;-731,78;-731,78;-44462,87;Any other;709,93;70,99;638,94;21,30;;
02.01.2026;0,00;1137,04;1197,18;0,00;2334,22;-2334,22;-3066,00;-46797,09;National cashback;0,00;0,00;0,00;0,00;;
03.01.2026;0,00;1609,50;0,00;3000,00;4609,50;-4609,50;-7675,50;-51406,59;Sid`s health benefits;0,00;0,00;0,00;0,00;;
04.01.2026;0,00;2870,31;82,60;0,00;2952,91;-2952,91;-10628,41;-54359,50;;0,00;0,00;0,00;0,00;;
05.01.2026;0,00;78,00;197,10;0,00;275,10;-275,10;-10903,51;-54634,60;Olenka`s salery;25084,12;2508,41;22575,71;752,52;;
06.01.2026;0,00;1359,00;52,40;1449,71;2861,11;-2861,11;-13764,62;-57495,71;Sid`s Salery;21273,00;2127,30;19145,70;638,19;;
07.01.2026;0,00;689,00;725,88;0,00;1414,88;-1414,88;-15179,50;-58910,59;;0,00;0,00;0,00;0,00;;
08.01.2026;0,00;154,00;0,00;0,00;154,00;-154,00;-15333,50;-59064,59;;0,00;0,00;0,00;0,00;;
09.01.2026;0,00;2764,89;216,90;1518,15;4499,94;-4499,94;-19833,44;-63564,53;;0,00;0,00;0,00;0,00;;
10.01.2026;0,00;0,00;216,66;0,00;216,66;-216,66;-20050,10;-63781,19;Olenka`s health benefits;0,00;0,00;0,00;0,00;;
11.01.2026;0,00;2550,92;761,84;1274,40;4587,16;-4587,16;-24637,26;-68368,35;Сashback A-Bank;0,00;0,00;0,00;0,00;;
12.01.2026;0,00;1200,00;298,35;0,00;1498,35;-1498,35;-26135,61;-69866,70;social rewards;3675,98;367,60;3308,38;110,28;;
13.01.2026;0,00;0,00;536,11;0,00;536,11;-536,11;-26671,72;-70402,81;;0,00;0,00;0,00;0,00;;
14.01.2026;0,00;1497,17;698,56;0,00;2195,73;-2195,73;-28867,45;-72598,54;;0,00;0,00;0,00;0,00;;
15.01.2026;0,00;0,00;726,90;0,00;726,90;-726,90;-29594,35;-73325,44;;0,00;0,00;0,00;0,00;;
16.01.2026;0,00;0,00;131,00;0,00;131,00;-131,00;-29725,35;-73456,44;;0,00;0,00;0,00;0,00;;
17.01.2026;0,00;6046,18;35,90;0,00;6082,08;-6082,08;-35807,43;-79538,52;;0,00;0,00;0,00;0,00;;
18.01.2026;0,00;0,00;0,00;0,00;0,00;0,00;-35807,43;-79538,52;;0,00;0,00;0,00;0,00;;
19.01.2026;0,00;0,00;0,00;0,00;0,00;0,00;-35807,43;-79538,52;;0,00;0,00;0,00;0,00;;
20.01.2026;0,00;0,00;0,00;0,00;0,00;0,00;-35807,43;-79538,52;;0,00;0,00;0,00;0,00;;
21.01.2026;0,00;0,00;0,00;0,00;0,00;0,00;-35807,43;-79538,52;Olenka`sСombat reward;0,00;0,00;0,00;0,00;;
22.01.2026;0,00;0,00;0,00;0,00;0,00;0,00;-35807,43;-79538,52;;0,00;0,00;0,00;0,00;;
23.01.2026;0,00;0,00;0,00;0,00;0,00;0,00;-35807,43;-79538,52;;0,00;0,00;0,00;0,00;;
24.01.2026;0,00;0,00;0,00;0,00;0,00;0,00;-35807,43;-79538,52;;0,00;0,00;0,00;0,00;;
25.01.2026;0,00;0,00;0,00;0,00;0,00;0,00;-35807,43;-79538,52;Sid`s Сombat reward;0,00;0,00;0,00;0,00;;
26.01.2026;0,00;0,00;0,00;0,00;0,00;0,00;-35807,43;-79538,52;;0,00;0,00;0,00;0,00;;
27.01.2026;0,00;0,00;0,00;0,00;0,00;0,00;-35807,43;-79538,52;;0,00;0,00;0,00;0,00;;
28.01.2026;0,00;0,00;0,00;0,00;0,00;0,00;-35807,43;-79538,52;Сashback A-Bank;0,00;0,00;0,00;0,00;;
29.01.2026;0,00;0,00;0,00;0,00;0,00;0,00;-35807,43;-79538,52;;0,00;0,00;0,00;0,00;;
30.01.2026;0,00;0,00;0,00;0,00;0,00;0,00;-35807,43;-79538,52;;0,00;0,00;0,00;0,00;;
31.01.2026;0,00;0,00;0,00;0,00;0,00;0,00;-35807,43;-79538,52;;0,00;0,00;0,00;0,00;;
Разом;0,00;22006,01;6559,16;7242,26;35807,43;-35807,43;;;;50743,03;5074,30;45668,73;1473,18;;
